<?xml version="1.0" encoding="UTF-8"?>
<rss version="2.0">
<channel>
<title>Smarty Blog</title>
<link>http://localhost/smarty_blog/</link>
<description>Smarty Blog</description>
<lastBuildDate>Sat, 01 Oct 2005 15:00:21 GMT</lastBuildDate>
<item>
<title>T CSS n</title>
<link>http://localhost/smarty_blog/article_detail.tpl.htm?aid=1</link>
<description>eX悝FT CSS n恁C翻F翻eAgoAoQ CSS H悁珙搰搳C</description>
<author>jaceju</author>
<category>n悀</category>
<pubDate>Sat, 01 Oct 2005 14:59:13 GMT</pubDate>
</item>
<item>
<title>Apache ADxws譯珩</title>
<link>http://localhost/smarty_blog/article_detail.tpl.htm?aid=2</link>
<description>M覺o菑vs譯 Apache 珩晙O@颩nAO椄OJF@DC L晹n琝Fo蚨Ghttp://www.gknw.com/development/apache/</description>
<author>jaceju</author>
<category>t帠]w</category>
<pubDate>Sat, 01 Oct 2005 14:59:48 GMT</pubDate>
</item>
<item>
<title>CSS  ID M CLASS 礞ㄕPH</title>
<link>http://localhost/smarty_blog/article_detail.tpl.htm?aid=3</link>
<description>class OuP@vAO Blog Cg撜農鉹榷辿n@芊A狴H畯抴NiHw class="blogbody" 茠亶oeOPC id hO艉@W晼ANC茪H珚X@豸鄏?(Mjhs\) Ao邟畯怳~zL郱 JavaScript (ECMAScript)  DOM 茖oo茪C狾pG&lt;div id="container"&gt; ANNO茩怚u|@茼W container Dn div eC class M id RWio狴N磲摸qA茷DH抪|e{辿茤RWC狾p class="blogbody"  class="bgBlue" 荓onA]畯怚i|騚姨辿CpGH辿e{閬﹕WA@騚姨辿ABe{閬≒化過j隉Ao邞W棷N蛪H@FC</description>
<author>jaceju</author>
<category>CSS</category>
<pubDate>Sat, 01 Oct 2005 15:00:19 GMT</pubDate>
</item>
</channel>
</rss>