<tagspec tag_name="smarty" start_string="&lt;{" end_string="}&gt;" detect_in_attribute="true" icon="smarty.gif" icon_width="17" icon_height="15"></tagspec>
<tagspec tag_name="smarty_if" start_string="&lt;{if" end_string="}&gt;" detect_in_attribute="true" icon="smarty_if.gif" icon_width="17" icon_height="15"></tagspec>
<tagspec tag_name="smarty_else" start_string="&lt;{else" end_string="}&gt;" detect_in_attribute="true" icon="smarty_else.gif" icon_width="17" icon_height="15"></tagspec>
<tagspec tag_name="smarty_ifend" start_string="&lt;{/if" end_string="}&gt;" detect_in_attribute="true" icon="smarty_if_end.gif" icon_width="17" icon_height="15"></tagspec>
<tagspec tag_name="smarty_counter" start_string="&lt;{counter" end_string="}&gt;" detect_in_attribute="true" icon="smarty_N.gif" icon_width="17" icon_height="15"></tagspec>
<tagspec tag_name="smarty_sec" start_string="&lt;{section" end_string="}&gt;" detect_in_attribute="true" icon="smarty_sec.gif" icon_width="17" icon_height="15"></tagspec>
<tagspec tag_name="smarty_secend" start_string="&lt;{/section" end_string="}&gt;" detect_in_attribute="true" icon="smarty_sec_end.gif" icon_width="17" icon_height="15"></tagspec>
<tagspec tag_name="smarty_for" start_string="&lt;{foreach" end_string="}&gt;" detect_in_attribute="true" icon="smarty_for.gif" icon_width="17" icon_height="15"></tagspec>
<tagspec tag_name="smarty_for_end" start_string="&lt;{/foreach" end_string="}&gt;" detect_in_attribute="true" icon="smarty_for_end.gif" icon_width="17" icon_height="15"></tagspec>
<tagspec tag_name="smarty_secvariable" start_string="&lt;{%" end_string="%}&gt;" detect_in_attribute="true" icon="smarty_percent.gif" icon_width="17" icon_height="15"></tagspec>
<tagspec tag_name="smarty_variable" start_string="&lt;{$" end_string="}&gt;" detect_in_attribute="true" icon="smarty_dollar.gif" icon_width="17" icon_height="15"></tagspec>
<tagspec tag_name="smarty_inc" start_string="&lt;{include" end_string="}&gt;" detect_in_attribute="true" icon="smarty_inc.gif" icon_width="17" icon_height="15"></tagspec>
